user_id,open_ts,close_ts,open_type,implicit_closed,duration_s
1,1751826102123,1751826746077,auto,False,643.954
1,1751841258635,1751849544609,manual,False,8285.974
1,1751985487772,1751986623885,manual,False,1136.113
1,1752250204033,1752250204781,manual,False,0.748
1,1752250205587,1752257432775,manual,False,7227.188
1,1752843408702,1752843421856,manual,False,13.154
1,1752843424801,1752845073719,manual,False,1648.918
1,1752877044540,1752884541824,manual,False,7497.284
1,1753104440917,1753106844951,manual,False,2404.034
2,1751656141008,1751656199632,auto,False,58.624
2,1751656351612,1751656664633,manual,False,313.021
2,1751656665251,1751656665917,manual,False,0.666
2,1751820297742,1751820298770,manual,False,1.028
2,1751826936388,1751826939065,manual,False,2.677
2,1751836139906,1751836141616,manual,False,1.71
2,1752835820402,1752835821481,manual,False,1.079
3,1752240576228,1752241995868,auto,False,1419.64
3,1752242482004,1752246787053,auto,False,4305.049
3,1752246933576,1752258007775,auto,False,11074.199
3,1752269809436,1752304475081,auto,False,34665.645
3,1752304493423,1752304510989,auto,False,17.566
3,1752304603815,1752304626177,auto,False,22.362
3,1752307059652,1752307097053,auto,False,37.401
3,1752308067996,1752308080052,auto,False,12.056
3,1752308098468,1752308121536,auto,False,23.068
3,1752308210458,1752308663561,auto,False,453.103
3,1752308676500,1752308784555,auto,False,108.055
3,1752308799768,1752308871791,auto,False,72.023
3,1752308880879,1752309021730,auto,False,140.851
3,1752309082273,1752309579898,auto,False,497.625
3,1752309625379,1752309926823,auto,False,301.444
3,1752309962919,1752309989389,auto,False,26.47
3,1752310292657,1752310753549,auto,False,460.892
3,1752310770426,1752311357207,auto,False,586.781
3,1752312176756,1752317628013,auto,False,5451.257
4,1751962951758,1751962991590,auto,False,39.832
4,1751968103844,1751974516033,auto,False,6412.189
4,1752130885119,1752207683746,auto,False,76798.627
4,1752230972261,1752232914314,auto,False,1942.053
4,1752232959679,1752470780404,auto,False,237820.725
4,1752498934494,1752500322875,auto,False,1388.381
4,1752501671657,1752501948935,auto,False,277.278
4,1752659402039,1752660034846,auto,False,632.807
4,1752662301791,1752663747606,auto,False,1445.815
4,1753253769919,1753253783511,manual,False,13.592
5,1751889032857,1751895189558,auto,False,6156.701
5,1751895190322,1751898194474,manual,False,3004.152
5,1751898228589,1751898446736,auto,False,218.147
5,1751965323904,1751965324365,auto,False,0.461
5,1751965327072,1752061551000,manual,False,96223.928
5,1752139190185,1752141991110,auto,False,2800.925
5,1752142213300,1752143147099,auto,False,933.799
5,1752143147830,1752143148875,manual,False,1.045
5,1752143566555,1752143981167,auto,False,414.612
5,1752145156727,1752156336163,auto,False,11179.436
5,1752156413570,1752157710504,auto,False,1296.934
5,1752158089077,1752158372868,auto,False,283.791
5,1752158459418,1752186710198,manual,False,28250.78
5,1752186711207,1752186859229,manual,False,148.022
5,1752186897291,1752218261469,auto,False,31364.178
5,1752583893470,1752583903719,auto,False,10.249
5,1752597652026,1752649093505,auto,False,51441.479
6,1751895678160,1751895711457,auto,False,33.297
6,1752248494952,1752250448647,auto,False,1953.695
6,1752261943818,1752263375025,auto,False,1431.207
6,1752270397579,1752270859501,auto,False,461.922
6,1752270999047,1752271360778,auto,False,361.731
6,1752271532755,1752272458227,auto,False,925.472
6,1752274823029,1752276322298,auto,False,1499.269
6,1752276332338,1752276666919,auto,False,334.581
6,1752276667722,1752277288040,manual,False,620.318
6,1752534513420,1752534556679,manual,False,43.259
6,1752535646654,1752535749464,manual,False,102.81
6,1752535753288,1752537525646,manual,False,1772.358
6,1752596589677,1752596950822,auto,False,361.145
6,1752604772915,1752605338228,auto,False,565.313
6,1752609362341,1752614779088,auto,False,5416.747
6,1752617377473,1752617847572,manual,False,470.099
6,1752619927655,1752620677136,auto,False,749.481
6,1752625728438,1752676318324,auto,False,50589.886
6,1752677131541,1752677412258,auto,False,280.717
6,1752707767640,1752763313324,auto,False,55545.684
6,1752879333554,1752879455771,auto,False,122.217
6,1753281258036,1753281269078,manual,False,11.042
6,1753281277661,1753281802435,manual,False,524.774
6,1753295336867,1753307992902,auto,False,12656.035
7,1752174119823,1752174125771,auto,False,5.948
7,1752174212338,1752174293564,auto,False,81.226
7,1752174297285,1752174303733,manual,False,6.448
7,1752174540366,1752175913147,auto,False,1372.781
7,1752175961845,1752198082192,auto,False,22120.347
7,1752212160953,1752212227547,auto,False,66.594
7,1752300741138,1752770705353,auto,False,469964.215
7,1753099116285,1753099498749,auto,False,382.464
7,1753101008651,1753129088051,auto,False,28079.4
7,1753129162426,1753157990844,auto,False,28828.418
7,1753164633228,1753174957959,auto,False,10324.731
7,1753175379008,1753250629740,auto,False,75250.732
7,1753251511595,1753263039644,auto,False,11528.049
8,1751902135523,1751902149443,auto,False,13.92
8,1751902738624,1751902779409,auto,False,40.785
8,1751902795270,1751902823499,auto,False,28.229
8,1751903331494,1751903378155,auto,False,46.661
8,1751903461681,1751903654628,auto,False,192.947
8,1751903687439,1751903900918,auto,False,213.479
8,1751904065037,1751961553535,auto,False,57488.498
8,1751961976722,1751962794486,auto,False,817.764
8,1751963189327,1751963352464,auto,False,163.137
8,1751963443315,1751963475776,auto,False,32.461
8,1751963544066,1751964394930,auto,False,850.864
8,1751973516781,1751973540607,auto,False,23.826
8,1751973825133,1751973868667,auto,False,43.534
8,1751973961388,1751983557267,auto,False,9595.879
8,1752067326104,1752068655099,auto,False,1328.995
8,1752163069460,1752163073148,manual,False,3.688
8,1752492694976,1752492795629,auto,False,100.653
8,1752492944984,1752507363178,auto,False,14418.194
8,1752507366674,1752507672061,manual,False,305.387
8,1752507891940,1752507892422,manual,False,0.482
8,1752507892895,1752508298009,manual,False,405.114
8,1752508367953,1752508834356,manual,False,466.403
8,1752653500603,1752659645498,auto,False,6144.895
8,1752677872543,1752677875345,manual,False,2.802
8,1752678328402,1752678330273,manual,False,1.871
8,1753084801478,1753084802631,manual,False,1.153
9,1752095251229,1752095747199,auto,False,495.97
9,1752095800344,1752095834783,manual,False,34.439
9,1752156157022,1752156159669,manual,False,2.647
9,1752183741817,1752183751452,manual,False,9.635
9,1752185562588,1752185569451,manual,False,6.863
9,1752185572016,1752185580563,manual,False,8.547
9,1752185630800,1752185633952,manual,False,3.152
10,1751987471625,1751987476329,auto,False,4.704
10,1751988526239,1751988683695,auto,False,157.456
10,1752036534581,1752036614579,auto,False,79.998
10,1752037663277,1752038478105,auto,False,814.828
10,1752038522110,1752038559346,auto,False,37.236
10,1752038564977,1752039216545,auto,False,651.568
10,1752039644975,1752039935502,manual,False,290.527
10,1752040018874,1752040278028,auto,False,259.154
10,1752040763705,1752041514254,auto,False,750.549
10,1752041696253,1752041919202,auto,False,222.949
10,1752042485761,1752126030421,auto,False,83544.66
10,1752126646882,1752128565324,auto,False,1918.442
10,1752128940893,1752129059283,auto,False,118.39
10,1752130063959,1752130746181,auto,False,682.222
10,1752130862699,1752132664299,auto,False,1801.6
10,1752132766701,1752132829380,auto,False,62.679
10,1752136742873,1752136854669,auto,False,111.796
10,1752136882689,1752136987602,auto,False,104.913
10,1752137059016,1752138175385,auto,False,1116.369
10,1752138307447,1752139089041,auto,False,781.594
10,1752139199704,1752143532668,auto,False,4332.964
10,1752148132685,1752148859212,auto,False,726.527
10,1752148926239,1752149417333,auto,False,491.094
10,1752149537629,1752149842884,auto,False,305.255
10,1752230487840,1752231577503,auto,False,1089.663
10,1752238347285,1752440337371,auto,False,201990.086
10,1752473932982,1752474911508,auto,False,978.526
10,1752474923149,1752475140361,auto,False,217.212
10,1752476054359,1752476878629,auto,False,824.27
10,1752476904172,1752477267189,manual,False,363.017
10,1752477333108,1752477354759,manual,False,21.651
10,1752477909430,1752478068571,auto,False,159.141
10,1752479156410,1752479216478,auto,False,60.068
10,1752480009620,1752481229090,auto,False,1219.47
10,1752481356538,1752491298931,auto,False,9942.393
10,1752502732219,1752502742550,manual,False,10.331
10,1752503340422,1752504361160,auto,False,1020.738
10,1752505222451,1752505295238,auto,False,72.787
10,1752505578132,1752505743804,auto,False,165.672
10,1752508625328,1752508782958,auto,False,157.63
10,1752508787237,1752559460343,auto,False,50673.106
10,1752562864127,1752563021579,auto,False,157.452
10,1752563044035,1752563291527,auto,False,247.492
10,1752563665901,1752566973476,auto,False,3307.575
10,1752659514240,1752660126156,auto,False,611.916
10,1752660298002,1752661282175,auto,False,984.173
10,1752661453741,1752661563635,auto,False,109.894
10,1752662292959,1752662297528,auto,False,4.569
10,1752663010625,1752663224906,auto,False,214.281
10,1752734154829,1752734184936,auto,False,30.107
10,1752734410556,1752734682064,auto,False,271.508
10,1752735020922,1752735083353,auto,False,62.431
10,1752735086283,1752738322611,auto,False,3236.328
10,1752740387245,1752742921666,auto,False,2534.421
10,1752829797925,1752830007470,auto,False,209.545
10,1753106697163,1753106712643,auto,False,15.48
10,1753108230291,1753108258103,auto,False,27.812
10,1753110518132,1753110568890,auto,False,50.758
10,1753111070293,1753111121784,auto,False,51.491
10,1753164234754,1753164369280,auto,False,134.526
10,1753164502626,1753164634219,auto,False,131.593
10,1753166035499,1753166250875,auto,False,215.376
10,1753169532441,1753169583386,auto,False,50.945
10,1753169753753,1753169784674,auto,False,30.921
10,1753169891428,1753169915269,auto,False,23.841
10,1753170058558,1753170377945,auto,False,319.387
10,1753171893765,1753172104671,auto,False,210.906
10,1753172139319,1753172326023,auto,False,186.704
10,1753178525955,1753178542935,auto,False,16.98
10,1753179132731,1753179155012,auto,False,22.281
10,1753179254347,1753179287920,auto,False,33.573
10,1753191539989,1753191852974,auto,False,312.985
10,1753195953739,1753196170311,auto,False,216.572
10,1753196286648,1753196460345,auto,False,173.697
10,1753196651546,1753197159411,auto,False,507.865
10,1753258848296,1753261699116,auto,False,2850.82
10,1753262510317,1753262557548,auto,False,47.231
10,1753265527997,1753265573762,auto,False,45.765
10,1753266027509,1753266048184,auto,False,20.675
10,1753266237129,1753267564135,auto,False,1327.006
11,1751931468156,1751931975522,auto,False,507.366
11,1751933545782,1751996635802,auto,False,63090.02
11,1751997219289,1751997242531,auto,False,23.242
11,1751997243046,1752147744069,manual,False,150501.023
11,1752147744516,1752150557798,manual,False,2813.282
11,1752196602162,1752502927215,manual,False,306325.053
12,1752120589370,1752120595568,manual,False,6.198
12,1752136081434,1752136099423,manual,False,17.989
12,1752193073183,1752193073815,manual,False,0.632
12,1752193074879,1752193075625,manual,False,0.746
12,1752206781829,1752207290050,manual,False,508.221
12,1752211766814,1752211780763,auto,False,13.949
12,1752211781121,1752212471606,manual,False,690.485
12,1752212498355,1752212515578,manual,False,17.223
12,1752212516074,1752212517152,manual,False,1.078
12,1752212517918,1752212525133,manual,False,7.215
12,1752213325247,1752213331646,auto,False,6.399
12,1752213331966,1752213332335,manual,False,0.369
12,1752213449725,1752213471138,auto,False,21.413
12,1752213818903,1752215833732,auto,False,2014.829
12,1752216284110,1752216611396,auto,False,327.286
12,1752216691929,1752329446210,auto,False,112754.281
12,1752453253713,1752454936893,auto,False,1683.18
12,1752454965716,1752460389550,auto,False,5423.834
12,1752460484673,1752460496106,auto,False,11.433
12,1752460499198,1752460500223,manual,False,1.025
12,1752460542177,1752472859769,auto,False,12317.592
12,1752473032101,1752473301366,auto,False,269.265
12,1752473610236,1752476080159,auto,False,2469.923
12,1752476116235,1752476162785,auto,False,46.55
12,1752476313118,1752476683172,auto,False,370.054
12,1752476803630,1752476900388,auto,False,96.758
12,1752477088758,1752477414570,auto,False,325.812
12,1752477483636,1752477533521,auto,False,49.885
12,1752477847711,1752480965600,auto,False,3117.889
12,1752541739958,1752543381770,auto,False,1641.812
12,1752543382419,1752552879712,manual,False,9497.293
12,1752552949804,1752552958517,auto,False,8.713
12,1752557047839,1752557059524,auto,False,11.685
12,1752557187805,1752557204326,auto,False,16.521
12,1752557263449,1752557296827,manual,False,33.378
12,1752557662142,1752557901559,auto,False,239.417
12,1752558578758,1752558655818,auto,False,77.06
12,1752558817047,1752560414994,auto,False,1597.947
12,1752560495405,1752560582209,auto,False,86.804
12,1752560860470,1752561385670,auto,False,525.2
12,1752561476811,1752565036524,auto,False,3559.713
12,1752565272202,1752565444943,auto,False,172.741
12,1752565445424,1752566966423,manual,False,1520.999
12,1752625564059,1752644530134,auto,False,18966.075
12,1752645238183,1752645450155,auto,False,211.972
12,1752646180373,1752647671476,auto,False,1491.103
12,1752647863226,1752651348255,auto,False,3485.029
12,1752651413307,1752651555345,manual,False,142.038
12,1752651770349,1752651896771,auto,False,126.422
12,1752652137469,1752652789707,manual,False,652.238
12,1752652953059,1752669290653,auto,False,16337.594
12,1752669338235,1752669378069,auto,False,39.834
12,1752669397936,1752669401893,auto,False,3.957
12,1752669402810,1752669403406,manual,False,0.596
12,1752669461940,1752669513855,auto,False,51.915
12,1752669572249,1752669572403,auto,False,0.154
12,1752669573502,1752669658046,manual,False,84.544
12,1752669728378,1752669868632,auto,False,140.254
12,1752669914727,1752669957699,auto,False,42.972
12,1752670006346,1752671762433,auto,False,1756.087
12,1752673519938,1752710740598,auto,False,37220.66
12,1752710740941,1752712786985,manual,False,2046.044
12,1752713003064,1752713884681,auto,False,881.617
12,1752714012043,1752715657245,auto,False,1645.202
12,1752715666305,1752715671990,auto,False,5.685
12,1752715878946,1752741330624,auto,False,25451.678
12,1752741568653,1752800011582,auto,False,58442.929
12,1752800094941,1752812331159,auto,False,12236.218
12,1752812973905,1752812974753,manual,False,0.848
12,1752813806865,1752814984038,auto,False,1177.173
12,1752814990973,1752819029817,auto,False,4038.844
12,1753148639008,1753148665962,auto,False,26.954
12,1753148674328,1753148689278,manual,False,14.95
12,1753148716373,1753148731817,manual,False,15.444
12,1753148747902,1753148777480,manual,False,29.578
12,1753148777900,1753149039722,manual,False,261.822
12,1753149040843,1753149041583,manual,False,0.74
12,1753149041854,1753162741932,manual,False,13700.078
12,1753229324968,1753243425957,manual,False,14100.989
13,1751599973655,1751599983236,auto,False,9.581
14,1752144441544,1752144446938,auto,False,5.394
14,1752144456208,1752144505365,manual,False,49.157
14,1752144506030,1752144506958,manual,False,0.928
14,1752144507543,1752144616340,manual,False,108.797
14,1752144617008,1752144658046,manual,False,41.038
14,1752144705358,1752144761248,auto,False,55.89
14,1752161836088,1752161950705,manual,False,114.617
14,1752162017159,1752162134178,auto,False,117.019
14,1752162135408,1752162137080,manual,False,1.672
14,1752162167508,1752222361504,auto,False,60193.996
14,1752222372820,1752225786451,auto,False,3413.631
14,1752484241662,1752484373637,auto,False,131.975
14,1752485799332,1752485856044,auto,False,56.712
14,1752485857134,1752485859174,manual,False,2.04
14,1752485861012,1752485898971,manual,False,37.959
14,1752501719014,1752501720758,manual,False,1.744
14,1752591791133,1752591792710,manual,False,1.577
14,1752653447631,1752653448235,manual,False,0.604
14,1752653913807,1752653916493,manual,False,2.686
14,1752654033921,1752654034335,manual,False,0.414
14,1752670134797,1752671208206,auto,False,1073.409
14,1752671208220,1752671213229,auto,False,5.009
14,1752671636145,1752671847199,auto,False,211.054
14,1752673337451,1752675334214,auto,False,1996.763
14,1753107281092,1753107282230,manual,False,1.138
14,1753173471383,1753174122578,auto,False,651.195
15,1751853103887,1751853112343,auto,False,8.456
15,1751853113344,1751853159477,manual,False,46.133
15,1752112206865,1752112216778,auto,False,9.913
15,1752125316300,1752126192441,auto,False,876.141
15,1752126200063,1752127079521,auto,False,879.458
15,1752636816954,1752637673606,auto,False,856.652
15,1752641895617,1752641898116,auto,False,2.499
15,1752642090096,1752642104219,auto,False,14.123
15,1752818882609,1752819065487,manual,False,182.878
15,1752829009176,1752831206560,auto,False,2197.384
15,1752929853669,1752930835278,auto,False,981.609
15,1752933534878,1752946831025,auto,False,13296.147
15,1752946832441,1752947569560,auto,False,737.119
15,1752947759136,1752947842761,auto,False,83.625
15,1752950930745,1752951344434,auto,False,413.689
15,1752951756262,1752951894814,auto,False,138.552
15,1752951990932,1752952923499,auto,False,932.567
15,1752953397861,1752953448738,auto,False,50.877
15,1752954303447,1752954456078,auto,False,152.631
15,1752954804443,1752955254027,auto,False,449.584
15,1752956127513,1752956409531,auto,False,282.018
15,1752956813637,1752956918343,auto,False,104.706
15,1752957658498,1752957660591,auto,False,2.093
15,1752958073539,1752958716491,auto,False,642.952
15,1753048193908,1753048278949,auto,False,85.041
15,1753048925391,1753049008152,auto,False,82.761
15,1753049316275,1753049345171,auto,False,28.896
15,1753049636554,1753049640402,auto,False,3.848
15,1753053531817,1753053535634,auto,False,3.817
15,1753054335542,1753054587897,auto,False,252.355
15,1753054597209,1753054599993,manual,False,2.784
15,1753056042656,1753056067818,auto,False,25.162
15,1753056335773,1753056365041,auto,False,29.268
15,1753056706507,1753056728764,auto,False,22.257
15,1753059526665,1753059537463,auto,False,10.798
15,1753059759884,1753059911163,auto,False,151.279
15,1753060172179,1753060181989,auto,False,9.81
15,1753060627574,1753060685148,auto,False,57.574
15,1753060837803,1753060913999,auto,False,76.196
15,1753060949715,1753061043136,auto,False,93.421
15,1753062685523,1753062752574,auto,False,67.051
15,1753064456973,1753064473476,auto,False,16.503
15,1753072678662,1753072686155,auto,False,7.493
15,1753103339240,1753103453008,auto,False,113.768
15,1753112909525,1753112917290,auto,False,7.765
15,1753113065023,1753113075541,auto,False,10.518
15,1753113322178,1753113327099,auto,False,4.921
15,1753113632478,1753113678803,auto,False,46.325
15,1753113973046,1753113989257,auto,False,16.211
15,1753114124583,1753114131558,auto,False,6.975
15,1753114485333,1753114491132,auto,False,5.799
15,1753115019328,1753115137031,auto,False,117.703
15,1753115235314,1753115275482,auto,False,40.168
15,1753115451616,1753115492916,auto,False,41.3
15,1753116145491,1753117745932,auto,False,1600.441
15,1753141543605,1753141555714,auto,False,12.109
15,1753142683941,1753144953064,auto,False,2269.123
15,1753145931756,1753145960657,auto,False,28.901
15,1753147282682,1753147345531,auto,False,62.849
15,1753149459065,1753149579747,auto,False,120.682
15,1753150050667,1753150185087,auto,False,134.42
15,1753152445852,1753152573767,auto,False,127.915
15,1753152973313,1753154155275,auto,False,1181.962
15,1753163672733,1753164273407,auto,False,600.674
15,1753165171890,1753165516873,auto,False,344.983
15,1753165546158,1753169895108,auto,False,4348.95
15,1753174218133,1753175285294,auto,False,1067.161
15,1753177712204,1753177934306,auto,False,222.102
15,1753178501861,1753178844006,auto,False,342.145
15,1753179951888,1753182834197,auto,False,2882.309
15,1753189057259,1753190028945,auto,False,971.686
15,1753190486374,1753191518910,auto,False,1032.536
15,1753206579068,1753206839255,auto,False,260.187
15,1753207434124,1753207493460,auto,False,59.336
15,1753235423328,1753235489983,auto,False,66.655
15,1753235764893,1753235785070,auto,False,20.177
15,1753236835184,1753236997760,auto,False,162.576
15,1753237291568,1753237414783,auto,False,123.215
15,1753237431919,1753237438333,manual,False,6.414
15,1753237438346,1753237448011,auto,False,9.665
15,1753239748635,1753240072803,auto,False,324.168
15,1753240881132,1753241002017,auto,False,120.885
15,1753241095470,1753242080913,auto,False,985.443
15,1753242729467,1753242872355,auto,False,142.888
15,1753243177495,1753244029493,auto,False,851.998
15,1753255368472,1753255535142,auto,False,166.67
15,1753256524182,1753258120092,auto,False,1595.91
15,1753258511154,1753258920301,auto,False,409.147
15,1753258993220,1753259029873,auto,False,36.653
15,1753259062921,1753259659824,auto,False,596.903
15,1753259701239,1753259894547,auto,False,193.308
15,1753259922433,1753260713483,auto,False,791.05
15,1753261203474,1753262573693,auto,False,1370.219
15,1753262673976,1753274649728,auto,False,11975.752
16,1751651375254,1751652068958,auto,False,693.704
16,1751661245437,1751661288014,manual,False,42.577
16,1751661290016,1751663195857,manual,False,1905.841
16,1751683727949,1751683731652,manual,False,3.703
16,1751686794864,1751686889911,manual,False,95.047
16,1751936192772,1751936196516,manual,False,3.744
16,1751990776683,1751995003694,auto,False,4227.011
16,1751999904728,1752001356281,auto,False,1451.553
17,1752163013286,1752163068309,auto,False,55.023
17,1752163068933,1752163073577,manual,False,4.644
17,1752163077033,1752165688109,manual,False,2611.076
17,1752197043080,1752197248490,auto,False,205.41
17,1752197249076,1752197253240,manual,False,4.164
17,1752197293607,1752197304333,manual,False,10.726
17,1752249542583,1752249727763,auto,False,185.18
17,1752250254981,1752250362469,auto,False,107.488
17,1752540983314,1752541122931,auto,False,139.617
17,1752541177580,1752541183272,auto,False,5.692
17,1752541256409,1752541279608,auto,False,23.199
17,1752541280485,1752541470186,manual,False,189.701
17,1752576750722,1752576756861,auto,False,6.139
17,1752576758541,1752577002399,manual,False,243.858
17,1752578217560,1752578220387,auto,False,2.827
17,1752578275527,1752580187041,auto,False,1911.514
17,1752581055483,1752581171423,auto,False,115.94
17,1752581358102,1752768550715,auto,False,187192.613
17,1752768583324,1752769125303,auto,False,541.979
17,1753103088726,1753103097506,auto,False,8.78
17,1753103517057,1753103522732,auto,False,5.675
17,1753103535119,1753103537507,auto,False,2.388
17,1753107567399,1753107723186,auto,False,155.787
17,1753107810586,1753107837779,auto,False,27.193
17,1753107898039,1753107982830,auto,False,84.791
17,1753113105326,1753113238005,auto,False,132.679
17,1753113310381,1753185070511,auto,False,71760.13
17,1753185093135,1753185125670,auto,False,32.535
17,1753185237676,1753185257926,auto,False,20.25
17,1753185361514,1753188369009,auto,False,3007.495
17,1753193993534,1753194217449,auto,False,223.915
17,1753194329163,1753194342832,auto,False,13.669
17,1753195042188,1753195102416,auto,False,60.228
17,1753195728168,1753195903100,auto,False,174.932
17,1753195987108,1753198162832,auto,False,2175.724
17,1753198786424,1753198877261,auto,False,90.837
17,1753199121158,1753274542324,auto,False,75421.166
17,1753277545071,1753278368240,auto,False,823.169
17,1753278926549,1753278933960,manual,False,7.411
17,1753281873522,1753281887670,manual,False,14.148
18,1751888250617,1751890795933,auto,False,2545.316
18,1751976816318,1751979239369,manual,False,2423.051
18,1753167079097,1753168613132,manual,False,1534.035
19,1751990305889,1751993210756,auto,False,2904.867
19,1751998963719,1752000807127,auto,False,1843.408
19,1752001382427,1752002616294,auto,False,1233.867
19,1752009594179,1752009788037,auto,False,193.858
19,1752087363161,1752088740520,auto,False,1377.359
19,1752089152496,1752089259403,auto,False,106.907
19,1752089300534,1752092360436,auto,False,3059.902
19,1752092466780,1752097912523,auto,False,5445.743
19,1752097913234,1752097914423,manual,False,1.189
19,1752098597239,1752099600012,manual,False,1002.773
19,1752100384513,1752101024809,auto,False,640.296
19,1752172287913,1752172792258,auto,False,504.345
19,1752187007272,1752187080436,auto,False,73.164
19,1752187104093,1752261793213,auto,False,74689.12
19,1752262077730,1752265430153,auto,False,3352.423
19,1752265606446,1752266961229,auto,False,1354.783
19,1752267259170,1752269287996,auto,False,2028.826
19,1752270366263,1752271275651,auto,False,909.388
19,1752271693671,1752334957540,auto,False,63263.869
19,1752335502875,1752335855297,auto,False,352.422
19,1752336110957,1752336525641,auto,False,414.684
19,1752336918216,1752337205473,auto,False,287.257
19,1752337704041,1752339169415,auto,False,1465.374
19,1752340425999,1752340759526,auto,False,333.527
19,1752341068359,1752341255443,auto,False,187.084
19,1752426929855,1752499655168,auto,False,72725.313
19,1752500928864,1752501269353,auto,False,340.489
19,1752501551280,1752501590500,auto,False,39.22
20,1751942319218,1751942578179,manual,False,258.961
20,1751942748915,1751942799075,manual,False,50.16
20,1751942799571,1751944196692,manual,False,1397.121
20,1752050812152,1752052281773,manual,False,1469.621
21,1751881345597,1751883021756,auto,False,1676.159
21,1751966114916,1751966116054,manual,False,1.138
21,1751972620582,1751972622233,manual,False,1.651
21,1752071173885,1752071189337,manual,False,15.452
21,1752160719881,1752162212138,manual,False,1492.257
21,1752664995645,1752665002608,manual,False,6.963
21,1752784686807,1752784785992,manual,False,99.185
21,1752784847280,1752784855647,manual,False,8.367
21,1753285343194,1753285352360,manual,False,9.166
22,1751606562188,1751606575445,manual,False,13.257
22,1751606687649,1751606783297,manual,False,95.648
22,1751606911709,1751606912604,manual,False,0.895
22,1751606914913,1751607046102,manual,False,131.189
22,1751607320229,1751607370848,auto,False,50.619
22,1751607525596,1751611726826,auto,False,4201.23
22,1751611761151,1751611768720,manual,False,7.569
22,1751611778019,1751611789809,manual,False,11.79
22,1751611802288,1751611805402,manual,False,3.114
22,1751611811981,1751611821088,manual,False,9.107
22,1751611982686,1751612397622,auto,False,414.936
22,1751612679427,1751612744652,auto,False,65.225
22,1751612972319,1751847347881,auto,False,234375.562
22,1751847348255,1751847353865,manual,False,5.61
22,1751849887057,1751850015555,auto,False,128.498
22,1751850154158,1751850223688,auto,False,69.53
22,1751850285302,1751850448018,auto,False,162.716
22,1751850448023,1751850664782,auto,False,216.759
22,1751850664931,1751850849341,auto,False,184.41
22,1751860714217,1751860746118,auto,False,31.901
22,1751861125943,1751862325156,auto,False,1199.213
22,1751865012255,1751865040521,auto,False,28.266
22,1751865236756,1751865299194,auto,False,62.438
22,1751865407704,1751865508819,auto,False,101.115
22,1751865659212,1751865722753,auto,False,63.541
22,1751865980494,1751867304806,auto,False,1324.312
22,1751871437485,1751871457388,auto,False,19.903
22,1751872998224,1751873059179,auto,False,60.955
22,1751874396136,1751874558952,auto,False,162.816
22,1751874853346,1751874981981,auto,False,128.635
22,1751875228150,1751875371906,auto,False,143.756
22,1751875545291,1751875855356,auto,False,310.065
22,1751876500334,1751876565011,auto,False,64.677
22,1751876697649,1751876827862,auto,False,130.213
22,1751877239382,1751877386904,auto,False,147.522
22,1751877536782,1751877688814,auto,False,152.032
22,1751877689300,1751877690523,manual,False,1.223
22,1751877844361,1751877985316,auto,False,140.955
22,1751878178730,1751878335299,auto,False,156.569
22,1751878452162,1751930967725,auto,False,52515.563
22,1751930972179,1751931356162,manual,False,383.983
22,1751931771211,1751931945086,auto,False,173.875
22,1751931945617,1751931946138,manual,False,0.521
22,1751932394503,1751932645378,auto,False,250.875
22,1751932842207,1751933765005,auto,False,922.798
22,1751934825128,1751935471717,auto,False,646.589
22,1751936306410,1751936439604,auto,False,133.194
22,1751936972509,1751937084828,auto,False,112.319
22,1751938277770,1751938703925,auto,False,426.155
22,1751948587437,1751948988349,auto,False,400.912
22,1751952531251,1751955206036,manual,False,2674.785
22,1751956504764,1751957542152,auto,False,1037.388
22,1751959261007,1751959264516,auto,False,3.509
22,1751959622484,1751962961480,auto,False,3338.996
22,1752018641510,1752018654443,auto,False,12.933
22,1752018718266,1752020872857,auto,False,2154.591
22,1752024335762,1752024408014,auto,False,72.252
22,1752024408017,1752024413536,auto,False,5.519
22,1752024563448,1752024589156,auto,False,25.708
22,1752733980223,1752733981663,manual,False,1.44
23,1752039598466,1752039606561,manual,False,8.095
23,1752039606639,1752039606932,manual,False,0.293
23,1752039623188,1752039701082,manual,False,77.894
23,1752039701752,1752039702261,manual,False,0.509
23,1752039702666,1752039704332,manual,False,1.666
24,1751905104422,1751906281747,auto,False,1177.325
24,1752092361340,1752092432635,manual,False,71.295
24,1752104220446,1752104965054,auto,False,744.608
24,1752104966112,1752242057193,manual,False,137091.081
24,1752243960112,1752244326358,auto,False,366.246
24,1752347015887,1752353185434,auto,False,6169.547
24,1752353994076,1752367741090,auto,False,13747.014
24,1752434731325,1752437849557,auto,False,3118.232
24,1752438582381,1752446934196,auto,False,8351.815
24,1752446940686,1752452256478,auto,False,5315.792
24,1752526398963,1752526413946,manual,False,14.983
24,1752619572020,1752619575665,manual,False,3.645
24,1752849332778,1752856847490,auto,False,7514.712
24,1752859452366,1752863669354,auto,False,4216.988
24,1752867396162,1752875105211,auto,False,7709.049
24,1752880405941,1752933723807,auto,False,53317.866
24,1752935897608,1753063021754,auto,False,127124.146
24,1753063467519,1753066054126,auto,False,2586.607
24,1753066691791,1753066917455,auto,False,225.664
24,1753066917461,1753067385323,auto,False,467.862
24,1753067710111,1753069993882,auto,False,2283.771
24,1753070171297,1753109201460,auto,False,39030.163
24,1753109661340,1753143187482,auto,False,33526.142
24,1753147553067,1753237684123,auto,False,90131.056
25,1752163248604,1752163281353,auto,False,32.749
25,1752163284104,1752163285567,manual,False,1.463
25,1752163286015,1752163293314,manual,False,7.299
25,1752206988171,1752207058685,manual,False,70.514
25,1752207213317,1752207264837,manual,False,51.52
25,1752207362600,1752208061212,manual,False,698.612
25,1752208101121,1752208246045,manual,False,144.924
25,1752208371358,1752208963075,auto,False,591.717
25,1752209216774,1752210399229,manual,False,1182.455
25,1752210465196,1752210718712,auto,False,253.516
25,1752212047565,1752212125311,auto,False,77.746
25,1752213033369,1752213284066,auto,False,250.697
25,1752213411938,1752214078346,auto,False,666.408
25,1752214301661,1752214572764,auto,False,271.103
25,1752214634108,1752214741033,auto,False,106.925
25,1752215614977,1752216930916,manual,False,1315.939
25,1752217471668,1752218466592,manual,False,994.924
25,1752218712319,1752219163013,manual,False,450.694
25,1752219563590,1752220122754,auto,False,559.164
25,1752220310211,1752220410636,auto,False,100.425
25,1752237624585,1752295367709,auto,False,57743.124
25,1752417278847,1752419489918,auto,False,2211.071
25,1752429750571,1752430405581,auto,False,655.01
25,1752430463564,1752435181762,manual,False,4718.198
25,1752436943640,1752437239682,auto,False,296.042
25,1752437578684,1752437637866,auto,False,59.182
25,1752437848194,1752438044072,auto,False,195.878
25,1752440008557,1752441526720,auto,False,1518.163
25,1752450375237,1752450785883,auto,False,410.646
25,1752455512340,1752461664933,manual,False,6152.593
25,1752467957751,1752468285290,auto,False,327.539
25,1752468291565,1752470341328,manual,False,2049.763
25,1752470396026,1752470433199,auto,False,37.173
25,1752470627283,1752471001934,manual,False,374.651
25,1752475228997,1752475319164,auto,False,90.167
25,1752476767562,1752544964819,auto,False,68197.257
25,1752548074030,1752551059598,manual,False,2985.568
25,1752561118208,1752592711056,auto,False,31592.848
25,1752593031531,1752608394683,auto,False,15363.152
25,1752648561770,1752648602692,auto,False,40.922
25,1752649412956,1752649601410,auto,False,188.454
25,1752649803394,1752649818107,manual,False,14.713
25,1752698855300,1752699666514,auto,False,811.214
25,1752699895567,1752710686151,auto,False,10790.584
25,1752711224640,1752711359344,auto,False,134.704
25,1752711588460,1752711724445,auto,False,135.985
25,1752711775654,1752711801820,auto,False,26.166
25,1752720125468,1752720803450,auto,False,677.982
25,1752721050522,1752721995341,auto,False,944.819
25,1752726063051,1752726400979,auto,False,337.928
25,1752727163664,1752727277783,auto,False,114.119
25,1752727472649,1752727748261,manual,False,275.612
25,1752728006260,1752754478833,auto,False,26472.573
25,1752781811514,1752841174025,auto,False,59362.511
25,1752844112181,1752887881441,auto,False,43769.26
25,1752888061312,1752888306240,manual,False,244.928
25,1752888941932,1752894309871,manual,False,5367.939
25,1752908132396,1752908490128,manual,False,357.732
25,1752909613960,1752910197080,manual,False,583.12
25,1752931758140,1752949712908,manual,False,17954.768
25,1753023374158,1753023380541,manual,False,6.383
25,1753042541355,1753058375384,manual,False,15834.029
25,1753063145607,1753189066642,auto,False,125921.035
25,1753198875705,1753199111170,auto,False,235.465
25,1753209227237,1753238866936,manual,False,29639.699
25,1753240878190,1753269358769,manual,False,28480.579
26,1751903804166,1751903808874,auto,False,4.708
26,1752145775282,1752146202056,auto,False,426.774
26,1752146362494,1752146448278,auto,False,85.784
26,1752146482009,1752146651252,auto,False,169.243
26,1752146696480,1752146704623,auto,False,8.143
26,1752146863568,1752147467952,auto,False,604.384
26,1752147472000,1752147488103,manual,False,16.103
26,1752147497268,1752147552997,manual,False,55.729
26,1752147599914,1752148941579,auto,False,1341.665
26,1752148943244,1752249409054,manual,False,100465.81
26,1752288824001,1752288829206,manual,False,5.205
26,1752289592527,1752323207941,auto,False,33615.414
26,1752323626002,1752323844039,auto,False,218.037
26,1752323879493,1752324175389,auto,False,295.896
26,1752325844683,1752325883932,auto,False,39.249
26,1752326768775,1752326848713,auto,False,79.938
26,1752327035161,1752327195793,manual,False,160.632
26,1752327386585,1752335736369,auto,False,8349.784
26,1752373948818,1752390155801,auto,False,16206.983
26,1752416374302,1752416376579,auto,False,2.277
26,1752750720362,1752750721828,manual,False,1.466
27,1751720565765,1751720571768,auto,False,6.003
27,1751720910827,1751720911473,manual,False,0.646
27,1751727761588,1751727763036,manual,False,1.448
27,1751730998454,1751730999467,manual,False,1.013
27,1751731000091,1751731001087,manual,False,0.996
27,1751731001515,1751731003316,manual,False,1.801
27,1751741022333,1751741029360,auto,False,7.027
27,1751741059868,1751741117567,manual,False,57.699
27,1751741181602,1751741198003,auto,False,16.401
27,1751779977169,1751780024797,auto,False,47.628
27,1751780111213,1751780180241,auto,False,69.028
27,1751780355774,1751780518899,auto,False,163.125
27,1751780519265,1751780521970,manual,False,2.705
27,1751780974563,1751780976706,manual,False,2.143
27,1751781543889,1751781653036,auto,False,109.147
27,1751781740438,1751781812590,auto,False,72.152
27,1751781964349,1751782079540,auto,False,115.191
27,1751782202706,1751782284836,auto,False,82.13
27,1751783588755,1751783701710,auto,False,112.955
27,1751783800993,1751783815813,auto,False,14.82
27,1751783906432,1751783917916,manual,False,11.484
27,1751784190133,1751784211115,auto,False,20.982
27,1751784716442,1751784766333,auto,False,49.891
27,1751784989172,1751785007375,auto,False,18.203
27,1751785260929,1751785288978,auto,False,28.049
27,1751785418558,1751785481859,auto,False,63.301
27,1751785484800,1751785491833,auto,False,7.033
27,1751786003801,1751786021753,auto,False,17.952
28,1751768577872,1751768864914,auto,False,287.042
28,1751768912485,1751797185950,auto,False,28273.465
28,1751797204113,1751797205233,manual,False,1.12
28,1751797205667,1751797226362,manual,False,20.695
28,1751797465967,1751797470596,manual,False,4.629
28,1751797481100,1751797495860,manual,False,14.76
28,1751798352100,1751893632292,auto,False,95280.192
28,1751893675992,1751893684100,manual,False,8.108
28,1751894834530,1751894897319,manual,False,62.789
28,1751895249572,1751895253526,manual,False,3.954
28,1751895991880,1751895997302,auto,False,5.422
28,1751896011697,1751896184682,auto,False,172.985
28,1751896492158,1751897005908,auto,False,513.75
28,1751897555980,1751897593656,auto,False,37.676
28,1751897956053,1751898056785,auto,False,100.732
28,1751898942783,1751898953729,auto,False,10.946
28,1751898999764,1751899300234,manual,False,300.47
28,1751899371771,1751899959121,auto,False,587.35
28,1751900001055,1751984394918,auto,False,84393.863
28,1751984428822,1751984462338,manual,False,33.516
28,1751984479127,1751984761384,manual,False,282.257
28,1751985388356,1751985390536,auto,False,2.18
28,1751985799490,1752057935899,auto,False,72136.409
28,1752059167351,1752059368680,auto,False,201.329
28,1752060718741,1752061048456,auto,False,329.715
28,1752062642442,1752062646052,manual,False,3.61
28,1752230954480,1752230957401,manual,False,2.921
28,1752231216580,1752231217877,manual,False,1.297
28,1752315802750,1752315821103,auto,False,18.353
28,1752320099778,1752320259379,auto,False,159.601
28,1752379579814,1752889135153,auto,False,509555.339
28,1752889311732,1752893766034,manual,False,4454.302
28,1752893791240,1752893799758,auto,False,8.518
28,1752893843161,1752895378343,auto,False,1535.182
28,1752898504178,1752898885237,manual,False,381.059
28,1752899055290,1752905054931,auto,False,5999.641
28,1752908081279,1752917094979,auto,False,9013.7
28,1752919294656,1752919305526,manual,False,10.87
28,1752919305955,1752919306396,manual,False,0.441
28,1752980168928,1753001831071,auto,False,21662.143
28,1753002305730,1753002310222,manual,False,4.492
28,1753003234519,1753003948500,auto,False,713.981
28,1753005374917,1753006158919,auto,False,784.002
28,1753006425079,1753007202786,auto,False,777.707
28,1753007298824,1753007304362,manual,False,5.538
28,1753008520077,1753008628376,auto,False,108.299
28,1753009498859,1753009502602,auto,False,3.743
28,1753009553796,1753009633247,auto,False,79.451
28,1753009730423,1753009748798,manual,False,18.375
28,1753010112720,1753010125004,manual,False,12.284
28,1753010125693,1753010151001,manual,False,25.308
28,1753011368146,1753011405778,auto,False,37.632
28,1753011500214,1753011686039,auto,False,185.825
28,1753011963616,1753012407649,auto,False,444.033
28,1753012893016,1753013210616,auto,False,317.6
28,1753013211431,1753013212074,manual,False,0.643
28,1753013212625,1753013213514,manual,False,0.889
28,1753016150445,1753016722783,manual,False,572.338
28,1753018357625,1753019276029,auto,False,918.404
28,1753020412222,1753109171956,auto,False,88759.734
29,1751873621377,1751873630522,auto,False,9.145
29,1751873644891,1751873646856,manual,False,1.965
29,1751874373344,1751874464661,auto,False,91.317
29,1751874465223,1751874781325,manual,False,316.102
29,1751874868339,1751875131005,manual,False,262.666
29,1751875181360,1751875295212,auto,False,113.852
29,1751875489666,1751875566988,auto,False,77.322
29,1751877100138,1751877101195,manual,False,1.057
29,1751878314117,1751878435002,auto,False,120.885
29,1751880173142,1751880176332,manual,False,3.19
29,1751880246955,1751880522181,auto,False,275.226
29,1751880921905,1751880924878,auto,False,2.973
29,1751880969717,1751881112933,auto,False,143.216
29,1751881516947,1751881524671,manual,False,7.724
29,1751881543434,1751881552145,manual,False,8.711
29,1751881584101,1751881590421,manual,False,6.32
29,1751881812744,1751881876378,manual,False,63.634
30,1752058858270,1752058971062,auto,False,112.792
30,1752058971319,1752058977097,manual,False,5.778
30,1752058979358,1752058986493,manual,False,7.135
30,1752060230120,1752060231096,manual,False,0.976
30,1752062375067,1752062375489,manual,False,0.422
30,1752070724748,1752070734415,manual,False,9.667
30,1752070748299,1752070783541,manual,False,35.242
30,1752070919186,1752070920808,manual,False,1.622
30,1752070946121,1752070997349,auto,False,51.228
30,1752071102763,1752071150628,auto,False,47.865
30,1752071201331,1752071221055,manual,False,19.724
30,1752071281032,1752071876889,auto,False,595.857
30,1752225337545,1752225338169,manual,False,0.624
30,1752228874105,1752228874351,manual,False,0.246
30,1752240775882,1752240777990,manual,False,2.108
30,1752487631713,1752487631958,manual,False,0.245
30,1753086531833,1753086532482,manual,False,0.649
31,1752001522650,1752001627400,auto,False,104.75
31,1752004516084,1752082976090,auto,False,78460.006
31,1752090833597,1752090842588,auto,False,8.991
31,1752091211992,1752093150066,auto,False,1938.074
32,1752181247005,1752181413876,auto,False,166.871
32,1752254684829,1752254692286,manual,False,7.457
32,1752262540018,1752262681748,manual,False,141.73
32,1752269254452,1752269255626,manual,False,1.174
32,1752269256620,1752270583649,manual,False,1327.029
33,1752230168236,1752230386264,auto,False,218.028
33,1752232591846,1752233084069,manual,False,492.223
33,1752312889900,1752318428271,manual,False,5538.371
33,1753143854444,1753143998586,manual,False,144.142
33,1753144434126,1753144459728,manual,False,25.602
33,1753144462675,1753144471313,manual,False,8.638
33,1753144483424,1753144485408,manual,False,1.984
33,1753144896212,1753144941948,manual,False,45.736
33,1753145138072,1753145215516,manual,False,77.444
34,1752058505512,1752059527022,auto,False,1021.51
34,1752063213914,1752063281097,manual,False,67.183
34,1752063281916,1752063316978,manual,False,35.062
34,1752063508751,1752063957162,manual,False,448.411
34,1752064020289,1752064439448,manual,False,419.159
34,1752064460965,1752064710475,manual,False,249.51
34,1752064759910,1752065857322,auto,False,1097.412
34,1752065891743,1752066032518,auto,False,140.775
34,1752066157617,1752066672095,auto,False,514.478
34,1752066791133,1752066838672,auto,False,47.539
34,1752066902129,1752067121384,auto,False,219.255
34,1752068246292,1752069076703,auto,False,830.411
34,1752069078522,1752069086804,manual,False,8.282
34,1752069092238,1752075699630,manual,False,6607.392
34,1752076514018,1752084696173,auto,False,8182.155
34,1752138492176,1752138567200,auto,False,75.024
34,1752138568046,1752582849629,manual,False,444281.583
35,1752321348075,1752321421821,manual,False,73.746
35,1752321423987,1752321476754,manual,False,52.767
35,1752321480371,1752321630699,manual,False,150.328
35,1752321780579,1752321783061,manual,False,2.482
35,1752321837094,1752321862711,manual,False,25.617
35,1752322801797,1752322810596,manual,False,8.799
35,1752325055342,1752325055991,manual,False,0.649
35,1752326830476,1752326944060,manual,False,113.584
35,1752501390881,1752501392530,manual,False,1.649
35,1753102847747,1753102853210,manual,False,5.463
36,1751868546574,1751868555489,auto,False,8.915
36,1751875371294,1751875701833,manual,False,330.539
36,1751883758319,1751883784670,manual,False,26.351
36,1751885270572,1751885280631,manual,False,10.059
36,1751971936737,1751971979785,manual,False,43.048
36,1751975917189,1751975919659,manual,False,2.47
36,1751978322082,1751978377506,manual,False,55.424
36,1751981121812,1751981185228,manual,False,63.416
36,1752041317552,1752041321613,manual,False,4.061
36,1752838383750,1752838384674,manual,False,0.924
36,1752838385391,1752838389639,manual,False,4.248
37,1752198878386,1752198933485,manual,False,55.099
37,1752275842011,1752275848864,manual,False,6.853
37,1752275878610,1752275887358,manual,False,8.748
37,1752275925827,1752276231674,manual,False,305.847
37,1752276904187,1752276993396,manual,False,89.209
37,1752279141263,1752280190674,auto,False,1049.411
37,1752281970689,1752282112538,manual,False,141.849
37,1752688818784,1752689664904,manual,False,846.12
37,1752689873387,1752689874337,manual,False,0.95
37,1752689891595,1752712028082,auto,False,22136.487
37,1752785769106,1752785783593,manual,False,14.487
37,1752786565252,1752787191089,manual,False,625.837
37,1752787497045,1752788121841,auto,False,624.796
37,1752789905312,1752790311493,auto,False,406.181
37,1752790380286,1752791346751,manual,False,966.465
37,1752791925755,1752792049421,auto,False,123.666
37,1752792891065,1752793036659,auto,False,145.594
37,1752793106527,1752793451967,auto,False,345.44
37,1752793482180,1752793763436,auto,False,281.256
37,1752794764886,1752794768630,auto,False,3.744
37,1752794828698,1752799960095,auto,False,5131.397
37,1752800281834,1752800283020,manual,False,1.186
37,1752800283571,1752800285747,manual,False,2.176
37,1752800409379,1752803841589,auto,False,3432.21
37,1752953867690,1752954149644,manual,False,281.954
37,1752954596355,1752956086675,auto,False,1490.32
37,1752956167096,1752956291148,manual,False,124.052
37,1752956560123,1752961206030,manual,False,4645.907
37,1752961636854,1752961850786,manual,False,213.932
38,1752048467812,1752048471212,manual,False,3.4
38,1752114294979,1752114427986,manual,False,133.007
38,1752125027379,1752125063979,manual,False,36.6
38,1752125065891,1752212044713,manual,False,86978.822
38,1752212764768,1752212765823,manual,False,1.055
39,1751579655846,1751579665188,auto,False,9.342
39,1751650704181,1751650720434,manual,False,16.253
39,1751654477952,1751654487727,manual,False,9.775
39,1751655846795,1751655859872,manual,False,13.077
39,1751657283163,1751657392832,manual,False,109.669
39,1751657393337,1751657446097,manual,False,52.76
39,1751657446945,1751657486229,manual,False,39.284
39,1751659278189,1751659284282,manual,False,6.093
39,1751676443939,1751676451399,manual,False,7.46
39,1751677786957,1751677807324,manual,False,20.367
39,1751902492748,1751902536512,manual,False,43.764
39,1751902538474,1751902631996,manual,False,93.522
40,1752125614503,1752125662436,manual,False,47.933
40,1752125662782,1752125717652,manual,False,54.87
40,1752125718204,1752125730125,manual,False,11.921
40,1752125730896,1752132577814,manual,False,6846.918
40,1752132666688,1752453612935,manual,False,320946.247
40,1752757483546,1752927687774,auto,False,170204.228
41,1751615659623,1751615790796,auto,False,131.173
41,1751616089960,1751616271382,manual,False,181.422
41,1751616808128,1751616846006,manual,False,37.878
41,1751617637085,1751617985057,manual,False,347.972
41,1751620627868,1751621821615,auto,False,1193.747
41,1751621822990,1751621829505,manual,False,6.515
41,1751623264077,1751625155049,auto,False,1890.972
41,1751628029296,1751628119366,auto,False,90.07
42,1751772875120,1751772883518,auto,False,8.398
42,1751773910451,1751773996876,auto,False,86.425
42,1751775342989,1751775370606,auto,False,27.617
42,1751775428017,1751775432651,auto,False,4.634
42,1751775550445,1751775853953,auto,False,303.508
42,1751866779312,1751866790089,auto,False,10.777
42,1751866791230,1751866869884,manual,False,78.654
42,1751866874700,1751867112343,manual,False,237.643
42,1751867279851,1751867354604,manual,False,74.753
42,1752033588140,1752033638872,auto,False,50.732
42,1752372636473,1752372772240,manual,False,135.767
42,1752380605161,1752380606529,manual,False,1.368
42,1752380607984,1752380609400,manual,False,1.416
42,1752380649221,1752380665846,manual,False,16.625
42,1752380666739,1752380673384,manual,False,6.645
42,1752382155543,1752382180651,manual,False,25.108
42,1752812271129,1752812284861,manual,False,13.732
43,1752495709007,1752495730315,auto,False,21.308
43,1752495730876,1752495733561,manual,False,2.685
43,1752495781028,1752495966814,auto,False,185.786
43,1752495993944,1752496150160,auto,False,156.216
43,1752496733648,1752496976785,auto,False,243.137
43,1752497047157,1752497805282,auto,False,758.125
43,1752499136364,1752499142178,auto,False,5.814
43,1752578042104,1752578050241,auto,False,8.137
43,1752581092524,1752581099171,auto,False,6.647
43,1752649822723,1752650024638,auto,False,201.915
43,1752650120679,1752650364715,auto,False,244.036
43,1752650859845,1752650921151,auto,False,61.306
43,1752651101067,1752651773013,auto,False,671.946
43,1752652673196,1752652687991,auto,False,14.795
43,1752652941369,1752652946242,auto,False,4.873
43,1752653060683,1752653088028,auto,False,27.345
43,1752653096526,1752653170202,manual,False,73.676
43,1752654467256,1752654497881,auto,False,30.625
43,1752654541054,1752654610333,auto,False,69.279
43,1752654661140,1752654703358,manual,False,42.218
43,1752654836469,1752655024135,auto,False,187.666
43,1752659734021,1752659738512,auto,False,4.491
43,1752659888039,1752659968124,auto,False,80.085
43,1752662045191,1752662109076,auto,False,63.885
43,1752663289580,1752663308001,auto,False,18.421
43,1752663610220,1752663632231,auto,False,22.011
43,1752663754756,1752663770117,auto,False,15.361
43,1752664007176,1752665787925,auto,False,1780.749
43,1752739995391,1752740291805,auto,False,296.414
43,1752740440136,1752740778142,auto,False,338.006
43,1752746260940,1752746444749,auto,False,183.809
43,1752747312926,1752751150707,auto,False,3837.781
43,1752751899474,1752753094052,auto,False,1194.578
43,1752753319413,1752753953371,auto,False,633.958
43,1752754900117,1752755835537,auto,False,935.42
43,1752755942953,1752755949032,auto,False,6.079
43,1752756154466,1752756558490,auto,False,404.024
43,1752756618461,1752757338360,auto,False,719.899
43,1752831840553,1752831872193,auto,False,31.64
43,1752834357819,1752834380072,auto,False,22.253
43,1752842216104,1753081530573,auto,False,239314.469
43,1753259266781,1753259343272,auto,False,76.491
43,1753259458503,1753259542925,auto,False,84.422
43,1753259567107,1753259642457,manual,False,75.35
43,1753259755962,1753259766530,auto,False,10.568
43,1753260165441,1753260675016,manual,False,509.575
43,1753260695948,1753260741657,auto,False,45.709
43,1753261416355,1753261529063,auto,False,112.708
43,1753261885583,1753261897735,auto,False,12.152
43,1753262057630,1753262144769,auto,False,87.139
43,1753262324602,1753262326130,manual,False,1.528
43,1753262326849,1753262497716,manual,False,170.867
44,1752670212388,1752670213125,manual,False,0.737
44,1752670213659,1752670216663,manual,False,3.004
45,1752150303151,1752150389074,auto,False,85.923
45,1752150466033,1752150813588,manual,False,347.555
45,1752150822518,1752151473078,auto,False,650.56
45,1752151988302,1752152141599,auto,False,153.297
45,1752677130394,1752677145113,auto,False,14.719
45,1752677236798,1752677277833,manual,False,41.035
45,1752677904376,1752677907266,auto,False,2.89
45,1752678002010,1752678162174,manual,False,160.164
45,1752678174161,1752678838536,manual,False,664.375
45,1752678902564,1752679037780,manual,False,135.216
45,1752679270454,1752679273549,auto,False,3.095
45,1752679515585,1752679563138,manual,False,47.553
45,1752679811829,1752679814634,auto,False,2.805
45,1752679892958,1752679907748,manual,False,14.79
45,1752679960226,1752680099750,manual,False,139.524
45,1752680316449,1752681485456,manual,False,1169.007
45,1752684375867,1752684378592,auto,False,2.725
45,1752684415936,1752684442131,manual,False,26.195
45,1752685179372,1752685191594,auto,False,12.222
45,1752728176291,1752728201122,auto,False,24.831
45,1752728899435,1752728901536,auto,False,2.101
45,1752729229202,1752729231794,auto,False,2.592
45,1752729588877,1752729591306,auto,False,2.429
45,1752729636910,1752729640145,auto,False,3.235
45,1752816969286,1752816973299,auto,False,4.013
45,1752817541907,1752817544698,auto,False,2.791
45,1752829333883,1752841523947,manual,False,12190.064
46,1751686905892,1751686913909,auto,False,8.017
46,1751687436672,1751687509583,auto,False,72.911
46,1751687603915,1751687942915,auto,False,339.0
46,1751688208952,1751688317629,auto,False,108.677
46,1751688441848,1751688462160,auto,False,20.312
46,1751765699804,1751765919423,auto,False,219.619
46,1751767407833,1751767453076,manual,False,45.243
46,1751768131414,1751768263374,auto,False,131.96
46,1751768937957,1751768952796,auto,False,14.839
46,1751769649744,1751769712302,auto,False,62.558
46,1751770242903,1751770427364,auto,False,184.461
47,1752052709797,1752052735900,manual,False,26.103
47,1752141077416,1752141078706,manual,False,1.29
47,1752753643722,1752754130648,manual,False,486.926
48,1751940007120,1751940021656,auto,False,14.536
48,1752026238575,1752026244923,manual,False,6.348
49,1751892193243,1751892589353,auto,False,396.11
49,1751892589998,1751892602060,manual,False,12.062
49,1751972017660,1751972021600,manual,False,3.94
49,1752568453736,1752569309728,auto,False,855.992
49,1752569548208,1752676664017,auto,False,107115.809
49,1752851830737,1753268395619,auto,False,416564.882
50,1752053310096,1752140157363,auto,False,86847.267
50,1752333957817,1752335242837,manual,False,1285.02
51,1752153015383,1752153227449,auto,False,212.066
51,1752153253419,1752218695945,auto,False,65442.526
51,1752218699658,1752669620165,auto,False,450920.507
51,1752669621677,1752819231864,auto,False,149610.187
51,1752819265117,1752823564089,auto,False,4298.972
51,1752824773077,1752824833041,auto,False,59.964
52,1753074662988,1753074664784,manual,False,1.796
52,1753074664800,1753074669177,manual,False,4.377
53,1751607637662,1751608462203,auto,False,824.541
53,1752212471173,1752226474184,auto,False,14003.011
53,1752226535795,1752229876937,auto,False,3341.142
53,1752237805871,1752474473217,auto,False,236667.346
53,1752474671788,1752475857335,auto,False,1185.547
53,1753165551433,1753165804616,auto,False,253.183
53,1753173970669,1753187915722,auto,False,13945.053
53,1753187916726,1753187917209,manual,False,0.483
53,1753194279185,1753196024856,auto,False,1745.671
53,1753196025595,1753196026546,manual,False,0.951
53,1753196041392,1753198346009,auto,False,2304.617
53,1753198503972,1753202274834,auto,False,3770.862
53,1753202341879,1753203498700,auto,False,1156.821
53,1753203506606,1753247346254,auto,False,43839.648
53,1753249947651,1753252848877,auto,False,2901.226
53,1753254398362,1753261194101,auto,False,6795.739
53,1753261661363,1753265668965,auto,False,4007.602
53,1753269296959,1753276185436,auto,False,6888.477
53,1753286044765,1753286055103,auto,False,10.338
53,1753286056333,1753286628088,manual,False,571.755
53,1753286827744,1753290021284,auto,False,3193.54
53,1753290614579,1753290657576,auto,False,42.997
54,1751946223082,1751946252574,auto,False,29.492
54,1751946327202,1751946329342,manual,False,2.14
55,1751894201633,1751894944692,auto,False,743.059
55,1751896322391,1751896351687,manual,False,29.296
55,1751901194565,1751901210998,manual,False,16.433
55,1751901211389,1751901286383,manual,False,74.994
55,1751901286817,1751901372958,manual,False,86.141
55,1751901373370,1751901387298,manual,False,13.928
55,1751912628667,1751913946931,manual,False,1318.264
56,1752228841073,1752231238549,auto,False,2397.476
56,1752231459142,1753083615659,auto,False,852156.517
57,1751903403659,1751903426028,auto,False,22.369
57,1751904202767,1751904495350,auto,False,292.583
57,1751905148897,1751905168060,auto,False,19.163
57,1751906381807,1751906746755,manual,False,364.948
57,1751961845508,1751961885866,auto,False,40.358
57,1751963283154,1751963295210,manual,False,12.056
57,1752064124740,1752064129474,manual,False,4.734
58,1752002180866,1752002195984,auto,False,15.118
58,1752182173128,1752182232097,manual,False,58.969
58,1752182234677,1752182242948,manual,False,8.271
58,1752259015847,1752259066702,manual,False,50.855
58,1752527984545,1752527985199,manual,False,0.654
58,1753220067220,1753220067766,manual,False,0.546
59,1752160331948,1752173331594,auto,False,12999.646
59,1752173332268,1752173332972,manual,False,0.704
59,1752521414187,1752521415172,manual,False,0.985
59,1752521415602,1752521420260,manual,False,4.658
59,1752613429467,1752613596048,manual,False,166.581
60,1751637186586,1751637218673,manual,False,32.087
61,1752151253002,1752152093494,auto,False,840.492
61,1752751418951,1752751425361,manual,False,6.41
62,1752167344500,1752167345281,manual,False,0.781
62,1752167346133,1752167481487,manual,False,135.354
62,1752264614230,1752264615857,manual,False,1.627
62,1752269472779,1752269523691,manual,False,50.912
62,1752676795905,1752676796955,manual,False,1.05
62,1752676846526,1752676847701,manual,False,1.175
63,1752045361095,1752045593475,auto,False,232.38
63,1752049667591,1752049676819,manual,False,9.228
63,1752052587306,1752052587825,manual,False,0.519
63,1752052588637,1752052629524,manual,False,40.887
63,1752060919799,1752060922138,manual,False,2.339
63,1752062450603,1752062452383,manual,False,1.78
63,1752064935604,1752064936969,manual,False,1.365
63,1752066884415,1752067158796,manual,False,274.381
63,1752067515379,1752068541212,manual,False,1025.833
63,1752071145799,1752071279330,manual,False,133.531
63,1752074964745,1752074965918,manual,False,1.173
63,1752080166841,1752080217510,auto,False,50.669
63,1752081402143,1752081507813,auto,False,105.67
63,1752081590306,1752081997227,auto,False,406.921
63,1752115611039,1752118840738,auto,False,3229.699
63,1752136639578,1752136641857,manual,False,2.279
63,1752138444925,1752138445827,manual,False,0.902
63,1752146550722,1752146551541,manual,False,0.819
63,1752146558501,1752146573096,manual,False,14.595
63,1752153630618,1752153632846,manual,False,2.228
63,1752178088535,1752178091014,manual,False,2.479
63,1752268941383,1752268943101,manual,False,1.718
63,1752313313224,1752313314156,manual,False,0.932
64,1752213100309,1752214040989,manual,False,940.68
64,1752214347611,1752214614086,auto,False,266.475
64,1752216854673,1752224001760,auto,False,7147.087
64,1752308604519,1752308638726,manual,False,34.207
64,1752316662543,1752369387947,manual,False,52725.404
64,1752370263680,1752370291754,auto,False,28.074
64,1752370457816,1752373044895,auto,False,2587.079
64,1752373271759,1752373341876,manual,False,70.117
64,1752375259759,1752375429009,manual,False,169.25
64,1752375772421,1752375861359,manual,False,88.938
64,1752399251600,1752413168797,manual,False,13917.197
64,1752413640211,1752413641029,manual,False,0.818
64,1752413641979,1752413649129,manual,False,7.15
64,1752414213133,1752415036589,manual,False,823.456
64,1752478777891,1752478941247,manual,False,163.356
64,1752478976120,1752478993723,manual,False,17.603
64,1752479439668,1752480020918,manual,False,581.25
64,1752480354661,1752480767012,manual,False,412.351
65,1752161125027,1752161928835,auto,False,803.808
65,1752161929638,1752161937065,manual,False,7.427
65,1752161937819,1752161987058,manual,False,49.239
65,1752161990696,1752165912853,manual,False,3922.157
65,1752169285393,1752169290197,manual,False,4.804
65,1752169374155,1752169375763,manual,False,1.608
66,1751899573773,1751899597645,auto,False,23.872
66,1752589507633,1752589509077,manual,False,1.444
66,1752666183783,1752666184277,manual,False,0.494
67,1751595681292,1751595697485,auto,False,16.193
67,1751595698828,1751595704704,manual,False,5.876
67,1751596254441,1751596255810,manual,False,1.369
67,1751596255839,1751596257183,auto,False,1.344
67,1751596257217,1751596260283,auto,False,3.066
67,1751612769625,1751612774485,manual,False,4.86
67,1751618949245,1751618952157,manual,False,2.912
68,1751736396647,1751736400306,auto,False,3.659
69,1751616022892,1751616257023,auto,False,234.131
69,1751616257602,1751616266463,manual,False,8.861
69,1751627064161,1751627075064,manual,False,10.903
70,1751595232497,1751595233897,manual,False,1.4
70,1751595233952,1751595234170,manual,False,0.218
70,1751595234691,1751595239160,manual,False,4.469
70,1751596384034,1751596384829,manual,False,0.795
70,1751596385447,1751596479552,manual,False,94.105
70,1751596721836,1751596722958,manual,False,1.122
71,1751612701338,1751612707119,auto,False,5.781
71,1751612707850,1751612715500,manual,False,7.65
71,1752132394068,1752132406781,manual,False,12.713
72,1751761660480,1751761662419,manual,False,1.939
72,1751761663920,1751761671493,manual,False,7.573
72,1751761691323,1751761728200,auto,False,36.877
72,1751761862382,1751762035474,auto,False,173.092
72,1751950098713,1751951582433,auto,False,1483.72
72,1751984597189,1751986125676,auto,False,1528.487
72,1751987396303,1751987525120,auto,False,128.817
72,1751987571164,1751988434253,auto,False,863.089
72,1751990100000,1751990365889,auto,False,265.889
72,1751990986704,1752005194243,auto,False,14207.539
72,1752007119977,1752008619875,auto,False,1499.898
72,1752008662233,1752008985318,auto,False,323.085
72,1752009035176,1752009063959,auto,False,28.783
72,1752009153406,1752033763940,auto,False,24610.534
73,1752471386436,1752483541513,auto,False,12155.077
73,1752484235417,1752560728378,auto,False,76492.961
73,1752560813105,1752563065309,auto,False,2252.204
73,1752563308049,1752563334833,auto,False,26.784
73,1752563581906,1752640557610,auto,False,76975.704
73,1752804006775,1752806463580,auto,False,2456.805
74,1752119319488,1752465649469,auto,False,346329.981
74,1752466562277,1752467272850,auto,False,710.573
74,1752467514866,1752479684881,auto,False,12170.015
74,1752809674368,1752825205727,auto,False,15531.359
75,1751682982715,1751683226831,manual,False,244.116
75,1751690150695,1751690152412,manual,False,1.717
75,1751690162591,1751692130530,auto,False,1967.939
75,1752151254945,1752211536945,auto,False,60282.0
75,1752211697491,1752214549203,auto,False,2851.712
75,1752214683952,1752219870156,auto,False,5186.204
75,1752223254460,1752223276112,auto,False,21.652
75,1752223327622,1752223387155,auto,False,59.533
75,1752225373001,1752230838727,auto,False,5465.726
75,1752234529234,1752463208079,auto,False,228678.845
75,1752893558172,1752893852886,auto,False,294.714
75,1752894035243,1752894282774,auto,False,247.531
75,1752894710272,1752983460935,auto,False,88750.663
75,1752987664649,1752997311960,auto,False,9647.311
76,1751641437997,1751641921846,auto,False,483.849
76,1751641922596,1751641958973,manual,False,36.377
76,1751641960946,1751641978388,manual,False,17.442
77,1751881192275,1751881275843,auto,False,83.568
77,1751881705105,1751881720773,auto,False,15.668
77,1751881825095,1752426151447,auto,False,544326.352
77,1752427347884,1752584159547,auto,False,156811.663
77,1752584287053,1752584298713,auto,False,11.66
77,1752586483712,1752586605153,auto,False,121.441
77,1752595360892,1752596251855,auto,False,890.963
78,1751923711939,1751923737206,auto,False,25.267
78,1751923739251,1751923739764,manual,False,0.513
78,1751923740220,1751923779370,manual,False,39.15
79,1751609463410,1751609704306,auto,False,240.896
79,1751609932328,1751610329903,manual,False,397.575
79,1751610343102,1751610371434,manual,False,28.332
79,1751612602722,1751612785146,manual,False,182.424
79,1751613830041,1751613836788,manual,False,6.747
80,1751889329968,1751889337853,auto,False,7.885
80,1751895335120,1751895336147,manual,False,1.027
80,1753179096177,1753179097165,manual,False,0.988
81,1752222313999,1752222485806,manual,False,171.807
81,1752222590439,1752222593342,manual,False,2.903
81,1752226836584,1752226904469,manual,False,67.885
82,1751853186692,1751853204431,manual,False,17.739
82,1751853323895,1751853368777,manual,False,44.882
82,1751854968338,1751854969546,manual,False,1.208
82,1751879847970,1751879852060,manual,False,4.09
82,1751879895369,1751879931685,manual,False,36.316
82,1751880787838,1751881627864,manual,False,840.026
82,1751937320770,1751937322193,manual,False,1.423
83,1751971776683,1751971800417,auto,False,23.734
84,1751837670157,1751837673553,auto,False,3.396
84,1752844636703,1752844639669,manual,False,2.966
85,1752362328570,1752362334262,manual,False,5.692
85,1752362933512,1752364749549,auto,False,1816.037
85,1752418270133,1752420165466,auto,False,1895.333
85,1752420562128,1752422289098,auto,False,1726.97
86,1752011675894,1752011800722,auto,False,124.828
86,1752011804316,1752012906142,manual,False,1101.826
86,1752012906930,1752012913975,manual,False,7.045
86,1752047968173,1752048712148,auto,False,743.975
86,1752048716823,1752048725573,manual,False,8.75
86,1752059426122,1752059427836,manual,False,1.714
86,1752405607268,1752419824339,auto,False,14217.071
86,1752424251183,1752424702184,auto,False,451.001
86,1752444522089,1752491797190,auto,False,47275.101
86,1752501663152,1752524059818,auto,False,22396.666
86,1752529317179,1752532066268,auto,False,2749.089
86,1752532407139,1752573371557,auto,False,40964.418
86,1752574199956,1752576556712,auto,False,2356.756
86,1752576697313,1752592486730,auto,False,15789.417
86,1752601226680,1752611455220,auto,False,10228.54
86,1752614984778,1752652698898,manual,False,37714.12
86,1752787968782,1752787970669,manual,False,1.887
86,1752788257498,1752788258201,manual,False,0.703
86,1752834766756,1752836971174,auto,False,2204.418
86,1752837289003,1753257776292,auto,False,420487.289
86,1753258601615,1753259310068,auto,False,708.453
87,1751854232794,1751854236058,auto,False,3.264
87,1751854244597,1751854259097,auto,False,14.5
87,1751854309772,1751854466878,auto,False,157.106
87,1751854479328,1751854844079,auto,False,364.751
87,1751855273997,1751855711986,auto,False,437.989
87,1752481493250,1752481496456,manual,False,3.206
87,1753068227660,1753068228213,manual,False,0.553
88,1753022042357,1753022048394,manual,False,6.037
89,1751612011780,1751612046809,auto,False,35.029
89,1751612047175,1752059396251,manual,False,447349.076
89,1752062450757,1752062630887,manual,False,180.13
89,1752753627519,1752753658566,auto,False,31.047
89,1752753748885,1752753759561,auto,False,10.676
89,1752754054838,1752754072236,auto,False,17.398
89,1752754227319,1752754237579,auto,False,10.26
89,1752754660677,1752754680385,auto,False,19.708
89,1752754754553,1752755549481,auto,False,794.928
89,1752755838608,1752755978223,auto,False,139.615
89,1752756164229,1752756435840,auto,False,271.611
89,1752756639964,1752756645240,auto,False,5.276
89,1752756926251,1752760248355,auto,False,3322.104
89,1752760556696,1752826729742,auto,False,66173.046
89,1752829453773,1752829490746,auto,False,36.973
89,1752829550077,1752829567126,auto,False,17.049
89,1752829892844,1752829960067,auto,False,67.223
89,1752830028227,1752830134786,auto,False,106.559
89,1752830309819,1752830346259,auto,False,36.44
89,1752830476746,1752830507629,auto,False,30.883
89,1752830804469,1752830835812,auto,False,31.343
89,1752831340452,1752831480806,auto,False,140.354
89,1752831796271,1752832047810,auto,False,251.539
89,1752832053393,1752832450708,auto,False,397.315
89,1752832473145,1752832506545,auto,False,33.4
89,1752832775545,1752832935055,auto,False,159.51
89,1752833059445,1752833140095,auto,False,80.65
89,1752833240246,1752833298827,auto,False,58.581
89,1752836694013,1752836916487,auto,False,222.474
89,1752837098369,1752837224705,auto,False,126.336
89,1752837811364,1752838213013,auto,False,401.649
89,1752838391002,1752838948797,auto,False,557.795
89,1752839155520,1753192170053,auto,False,353014.533
89,1753192324231,1753255850660,auto,False,63526.429
89,1753255858804,1753256443130,auto,False,584.326
90,1751901029271,1751901130251,auto,False,100.98
90,1752929914585,1752929916385,manual,False,1.8
90,1752930832488,1752930964638,manual,False,132.15
90,1752932262087,1752932798610,manual,False,536.523
90,1753136193704,1753136776521,manual,False,582.817
91,1751993085382,1751994748169,auto,False,1662.787
91,1751996107125,1752089731281,auto,False,93624.156
91,1752089918187,1752093828082,manual,False,3909.895
91,1752094103306,1752094103747,manual,False,0.441
91,1752094104710,1752094243184,manual,False,138.474
91,1752095323492,1752137746437,manual,False,42422.945
91,1752137882953,1752154363113,auto,False,16480.16
91,1752165719667,1752223943826,manual,False,58224.159
92,1751703080493,1751703337019,manual,False,256.526
93,1751669346486,1751669494274,auto,False,147.788
94,1752047624908,1752057004009,auto,False,9379.101
94,1752066476911,1752066484624,manual,False,7.713
94,1752066485523,1752066493549,manual,False,8.026
94,1752066502168,1752066602279,manual,False,100.111
95,1751629602023,1751629606458,auto,False,4.435
95,1751629606799,1751630250319,manual,False,643.52
95,1751646018139,1751646031062,manual,False,12.923
95,1751646066607,1751646372677,manual,False,306.07
95,1751646373083,1751901286227,manual,False,254913.144
96,1751653968635,1752521365637,auto,False,867397.002
96,1752521748627,1752772602116,auto,False,250853.489
96,1752775485379,1752775631237,auto,False,145.858
96,1752775632181,1752775633496,manual,False,1.315
96,1752775639196,1752778508538,manual,False,2869.342
96,1752778565910,1752778604541,auto,False,38.631
96,1752778608862,1752778624869,manual,False,16.007
97,1752513442147,1752513444696,manual,False,2.549
98,1751894501817,1751898773829,auto,False,4272.012
99,1752472159496,1752472169552,auto,False,10.056
99,1752472228432,1752472236961,auto,False,8.529
99,1752478356645,1752478491313,auto,False,134.668
99,1752482596122,1752515604508,auto,False,33008.386
100,1752219433819,1752219529762,auto,False,95.943
101,1751990762579,1751990782131,auto,False,19.552
101,1751990861521,1751990872527,manual,False,11.006
101,1751991212214,1751991587356,auto,False,375.142
101,1751992788127,1751993390775,auto,False,602.648
102,1752011641419,1752011921320,auto,False,279.901
102,1752011986798,1752012005794,auto,False,18.996
102,1752012129649,1752012292336,auto,False,162.687
102,1752012549427,1752012584678,auto,False,35.251
102,1752013394091,1752013458507,auto,False,64.416
102,1752509318958,1752509952002,auto,False,633.044
103,1752472126637,1752472136078,manual,False,9.441
104,1751654089819,1751655208041,auto,False,1118.222
104,1751655209454,1751655209960,manual,False,0.506
105,1752143031474,1752143084192,auto,False,52.718
105,1752143881245,1752143917179,auto,False,35.934
105,1752204063185,1752204072932,auto,False,9.747
105,1752204547136,1752204815111,auto,False,267.975
105,1752205018850,1752219112162,auto,False,14093.312
105,1752219488733,1752561649508,auto,False,342160.775
105,1752562616124,1752572462911,auto,False,9846.787
105,1752573420964,1752575176009,auto,False,1755.045
105,1752575262272,1752722795184,auto,False,147532.912
105,1752807402142,1752809737236,manual,False,2335.094
105,1752810305794,1752820027136,auto,False,9721.342
105,1752820084991,1752822025330,auto,False,1940.339
105,1752822076594,1752823007691,auto,False,931.097
105,1752823041518,1752823057526,auto,False,16.008
105,1752823140381,1752823186797,auto,False,46.416
105,1752823393647,1752823500429,auto,False,106.782
105,1752823501886,1752823502785,manual,False,0.899
105,1752823953188,1753063066297,auto,False,239113.109
105,1753066988743,1753168459178,auto,False,101470.435
106,1751807288524,1752065255160,auto,False,257966.636
107,1751864065326,1752760653480,auto,False,896588.154
109,1751851655061,1751851662231,auto,False,7.17
109,1752212068535,1752212069875,manual,False,1.34
109,1752568859381,1752568860979,manual,False,1.598
109,1752570251466,1752570252099,manual,False,0.633
109,1753059601652,1753059602573,manual,False,0.921
110,1751635563758,1751635617034,auto,False,53.276
110,1751635617925,1751635620104,manual,False,2.179
110,1751740507482,1751740548372,manual,False,40.89
110,1751871937353,1751873308287,manual,False,1370.934
110,1751873359050,1751873360106,manual,False,1.056
110,1751873794597,1751873882248,manual,False,87.651
110,1752343819971,1752343821954,manual,False,1.983
111,1751615610248,1751615614662,auto,False,4.414
112,1752593309943,1752593312624,manual,False,2.681
112,1752593313546,1752593352139,manual,False,38.593
113,1751631891218,1751631908333,auto,False,17.115
114,1751753686273,1751753692337,auto,False,6.064
114,1751753789964,1751753798896,manual,False,8.932
114,1751756798806,1751756807986,manual,False,9.18
114,1751757277487,1751757278200,manual,False,0.713
114,1752769126201,1752950044895,manual,False,180918.694
115,1751846716139,1752099395824,manual,False,252679.685
115,1752284281897,1752483518961,auto,False,199237.064
116,1751908242172,1751992759948,auto,False,84517.776
117,1753084261464,1753084263273,manual,False,1.809
117,1753084263859,1753084302510,manual,False,38.651
118,1751877986887,1751878048687,auto,False,61.8
118,1752580944748,1752580975639,manual,False,30.891
119,1751910188154,1751994892089,auto,False,84703.935
120,1752053719826,1752053897621,auto,False,177.795
120,1752053954805,1752053969714,manual,False,14.909
121,1752071725471,1752071730232,auto,False,4.761
121,1752071730782,1752071734182,manual,False,3.4
121,1752071734661,1752071744599,manual,False,9.938
121,1752071745237,1752071796320,manual,False,51.083
122,1751894574826,1751894581532,manual,False,6.706
122,1751992388623,1751992393654,manual,False,5.031
123,1752066451760,1752066452469,manual,False,0.709
123,1752131117248,1752131118131,manual,False,0.883
123,1752139700095,1752139700512,manual,False,0.417
124,1752201679069,1752344488150,auto,False,142809.081
125,1751964672443,1751965141920,auto,False,469.477
125,1751965143722,1751965176322,manual,False,32.6
125,1751965183470,1751967013373,manual,False,1829.903
125,1751967013742,1751969471722,manual,False,2457.98
126,1752086226447,1752086625545,auto,False,399.098
126,1752086627218,1752086641262,manual,False,14.044
127,1752029401167,1752030994658,auto,False,1593.491
128,1751975949490,1751976131836,auto,False,182.346
128,1751977426730,1751977605120,manual,False,178.39
128,1751977605568,1751978945802,manual,False,1340.234
128,1751978948970,1751978979777,manual,False,30.807
128,1752066801556,1752067133182,manual,False,331.626
128,1752070812821,1752070814890,manual,False,2.069
129,1752232492203,1752232497899,manual,False,5.696
129,1752232497907,1752232515606,auto,False,17.699
129,1752232521489,1752232525206,manual,False,3.717
129,1752286293548,1752286295801,manual,False,2.253
130,1751683110893,1751683120862,auto,False,9.969
130,1751683121326,1751684532336,manual,False,1411.01
130,1751684532757,1751686531913,manual,False,1999.156
130,1751774193708,1751774197045,auto,False,3.337
130,1751774197641,1751774198160,manual,False,0.519
130,1751781914678,1751782071549,manual,False,156.871
130,1751798043368,1751798377950,manual,False,334.582
130,1751801743058,1751802481813,manual,False,738.755
130,1751985507650,1751985511502,manual,False,3.852
131,1752389799743,1752389803304,manual,False,3.561
131,1752402035580,1752402040427,manual,False,4.847
131,1752402079123,1752402232989,manual,False,153.866
131,1752402233766,1752402582428,manual,False,348.662
132,1752160384085,1752160404186,auto,False,20.101
133,1751673419194,1751673431851,auto,False,12.657
133,1751903269834,1751903273709,manual,False,3.875
133,1751904067589,1751904069112,manual,False,1.523
133,1751918039601,1751918041242,manual,False,1.641
134,1751607772811,1751608205795,auto,False,432.984
134,1751608752128,1751609065218,auto,False,313.09
134,1751609158966,1751609174030,auto,False,15.064
134,1752227964870,1752227965539,manual,False,0.669
134,1752227965958,1752227966375,manual,False,0.417
135,1752141429765,1752142077363,auto,False,647.598
135,1752142078816,1752142113031,manual,False,34.215
135,1752142335942,1752142337344,manual,False,1.402
135,1752142337948,1752142339318,manual,False,1.37
136,1752051992839,1752059014226,auto,False,7021.387
136,1752060201098,1752060794514,manual,False,593.416
136,1752078440828,1752078737045,auto,False,296.217
136,1752079437172,1752079440150,auto,False,2.978
136,1752495190353,1752495201491,manual,False,11.138
137,1751873406900,1751873453643,auto,False,46.743
137,1751876607433,1751876613719,manual,False,6.286
137,1751881306514,1751896482933,manual,False,15176.419
137,1751896586094,1751897775629,manual,False,1189.535
137,1751898093577,1751898132017,manual,False,38.44
137,1751951280999,1751951281987,manual,False,0.988
137,1751973267211,1751981074062,auto,False,7806.851
137,1751981085284,1751981091443,manual,False,6.159
138,1752133462512,1752133465943,manual,False,3.431
138,1752133467298,1752133469731,manual,False,2.433
138,1752133659409,1752133673124,manual,False,13.715
138,1752144004468,1752144011378,manual,False,6.91
139,1751877875679,1751877885872,auto,False,10.193
139,1751877889874,1751878050334,manual,False,160.46
139,1752677699611,1752677714370,manual,False,14.759
140,1752147171208,1752147194601,auto,False,23.393
141,1752110662462,1752110671781,auto,False,9.319
141,1752165702967,1752165704373,manual,False,1.406
141,1752165704991,1752165712982,manual,False,7.991
142,1752068676326,1752068679053,manual,False,2.727
142,1752068707465,1752068708261,manual,False,0.796
142,1752068709011,1752068710249,manual,False,1.238
143,1752021270902,1752021454792,auto,False,183.89
143,1752021455436,1752021469434,manual,False,13.998
143,1752021470231,1752021579667,manual,False,109.436
143,1752021775186,1752021790786,manual,False,15.6
143,1752782037057,1752782038440,manual,False,1.383
143,1752783030741,1752783035218,manual,False,4.477
144,1751885287196,1751885330407,auto,False,43.211
145,1752731902453,1752739187586,manual,False,7285.133
146,1751883285644,1751883333578,auto,False,47.934
147,1752099423334,1752099432529,auto,False,9.195
147,1752110741824,1752116852660,auto,False,6110.836
148,1752012645913,1752018903282,auto,False,6257.369
149,1751983945353,1752165837381,auto,False,181892.028
150,1751970948438,1752086086848,auto,False,115138.41
151,1752093795156,1752098805188,auto,False,5010.032
151,1752099270642,1752099625354,manual,False,354.712
151,1752100728950,1752100831965,manual,False,103.015
151,1752529597106,1752529952940,auto,False,355.834
152,1751933926163,1751935303613,auto,False,1377.45
152,1752494422655,1752494424402,manual,False,1.747
153,1752145656707,1752145806499,manual,False,149.792
154,1751964856643,1751964860823,auto,False,4.18
154,1751972268214,1751972269375,manual,False,1.161
155,1751649411141,1751649414679,auto,False,3.538
156,1751587914365,1751587921982,auto,False,7.617
157,1751875377646,1751875387061,auto,False,9.415
157,1751875389001,1751875391355,manual,False,2.354
158,1751869997865,1751870021669,auto,False,23.804
158,1751870021990,1751870052618,manual,False,30.628
159,1752220748723,1752221540739,auto,False,792.016
159,1752223781688,1752223831459,manual,False,49.771
161,1751978283885,1751980322097,auto,False,2038.212
161,1751992173385,1752069570700,manual,False,77397.315
162,1751971311682,1751971330016,auto,False,18.334
162,1751982666905,1751982795430,manual,False,128.525
162,1751982795434,1752141483110,auto,False,158687.676
163,1752858978022,1752858980935,manual,False,2.913
163,1752859020300,1752859021154,manual,False,0.854
163,1752859049415,1752859051365,manual,False,1.95
163,1752859156991,1752859168633,manual,False,11.642
163,1753044648207,1753044649415,manual,False,1.208
164,1752067929841,1752069747370,auto,False,1817.529
165,1751852772227,1751852882003,auto,False,109.776
166,1751702903409,1751793338569,auto,False,90435.16
166,1751794534718,1751795264345,auto,False,729.627
167,1751624357111,1751624411666,auto,False,54.555
167,1751972232168,1751972244664,manual,False,12.496
168,1751742374250,1751742495938,auto,False,121.688
169,1753081854112,1753081880702,manual,False,26.59
169,1753083877833,1753083878556,manual,False,0.723
170,1752071721042,1752071827140,auto,False,106.098
170,1752080467419,1752080667146,manual,False,199.727
171,1752163820806,1752163844497,auto,False,23.691
172,1752017728557,1752017745245,auto,False,16.688
173,1752085461383,1752086103120,auto,False,641.737
174,1752224702086,1752224818534,manual,False,116.448
174,1752460234929,1752460237929,manual,False,3.0
174,1752460304960,1752460308721,manual,False,3.761
175,1753058681567,1753059012006,manual,False,330.439
177,1751872245758,1751872679523,auto,False,433.765
177,1752024428240,1752024432318,auto,False,4.078
177,1752116445326,1752116446651,manual,False,1.325
178,1751943212828,1751943244487,auto,False,31.659
179,1751901945440,1751902018150,auto,False,72.71
179,1752673884407,1752673895389,manual,False,10.982
180,1752159482048,1752159504882,auto,False,22.834
181,1752098325011,1752098333155,auto,False,8.144
182,1752165453951,1752165455439,manual,False,1.488
182,1752165455443,1752165455458,manual,False,0.015
182,1752165495435,1752165502649,manual,False,7.214
182,1752233428827,1752233533924,auto,False,105.097
182,1752542170281,1752542171033,manual,False,0.752
182,1752542172139,1752542172717,manual,False,0.578
182,1752563772546,1752563775719,manual,False,3.173
182,1752854651496,1752854656755,auto,False,5.259
182,1752854752057,1752856437126,auto,False,1685.069
182,1752857532431,1752858340699,auto,False,808.268
182,1753005422403,1753005425044,manual,False,2.641
183,1751958035263,1751958866553,auto,False,831.29
184,1751706166366,1751706326332,auto,False,159.966
185,1752097527703,1752097876348,manual,False,348.645
187,1751877071247,1751877095777,auto,False,24.53
188,1752187095950,1752187108489,auto,False,12.539
188,1752527252024,1752527254502,manual,False,2.478
189,1751943214283,1751943217729,auto,False,3.446
189,1751943614968,1751943666937,auto,False,51.969
189,1751943698334,1751943753428,auto,False,55.094
189,1751947926413,1751947967016,manual,False,40.603
189,1751951715046,1751951728404,auto,False,13.358
189,1751951785029,1751951789399,auto,False,4.37
189,1751952034424,1751952043670,auto,False,9.246
189,1751952148977,1751952211930,auto,False,62.953
189,1751952299660,1751952384349,auto,False,84.689
189,1751952395921,1751952420146,auto,False,24.225
189,1751952676409,1751952692688,auto,False,16.279
189,1751954212749,1751954214806,manual,False,2.057
189,1752240332377,1752240340125,manual,False,7.748
189,1752651114462,1752651121656,manual,False,7.194
190,1751966990371,1752050965032,auto,False,83974.661
190,1752050967529,1752051015832,manual,False,48.303
190,1752051022372,1752051429939,manual,False,407.567
191,1751870268211,1751870272591,manual,False,4.38
191,1752112204858,1752112206912,manual,False,2.054
192,1751880993387,1751881001474,auto,False,8.087
192,1751881941236,1751881950675,manual,False,9.439
193,1751966966195,1751966970702,auto,False,4.507
194,1751997927416,1751997935373,auto,False,7.957
195,1752218690733,1752218697569,auto,False,6.836
196,1751619881301,1751619914336,auto,False,33.035
198,1751794789165,1751794914913,auto,False,125.748
199,1752207158481,1752207181344,manual,False,22.863
200,1752502731550,1752502765595,manual,False,34.045
201,1751853675253,1751853683561,manual,False,8.308
203,1751993622531,1751993632485,auto,False,9.954
